{"cameraMode":{"drawMode":0,"name":"Shaded","section":"Shading Mode"},"sceneLighting":false,"audioPlay":false,"sceneViewState":{"showFog":true,"showMaterialUpdate":false,"showSkybox":false,"showFlares":true,"showImageEffects":true,"showParticleSystems":true},"in2DMode":false,"pivot":{"x":-5.652057647705078,"y":-3.5339465141296388,"z":0.03139233589172363},"rotation":{"x":-0.027009401470422746,"y":0.9332445859909058,"z":-0.07182373851537705,"w":-0.3509555160999298},"size":5.478471755981445,"orthographic":false}