{"cameraMode":{"drawMode":0,"name":"Shaded","section":"Shading Mode"},"sceneLighting":false,"audioPlay":false,"sceneViewState":{"showFog":true,"showMaterialUpdate":false,"showSkybox":false,"showFlares":true,"showImageEffects":true,"showParticleSystems":true},"in2DMode":false,"pivot":{"x":0.5124223232269287,"y":3.3737964630126955,"z":-7.932909965515137},"rotation":{"x":-0.03016585111618042,"y":0.9420245885848999,"z":-0.08815603703260422,"w":-0.3223503828048706},"size":6.645115852355957,"orthographic":false}