{"cameraMode":{"drawMode":0,"name":"Shaded","section":"Shading Mode"},"sceneLighting":false,"audioPlay":false,"sceneViewState":{"showFog":true,"showMaterialUpdate":false,"showSkybox":false,"showFlares":true,"showImageEffects":true,"showParticleSystems":true},"in2DMode":false,"pivot":{"x":-1.49092698097229,"y":4.2649407386779789,"z":-7.143138885498047},"rotation":{"x":-0.03016585111618042,"y":0.9420245885848999,"z":-0.08815603703260422,"w":-0.3223503828048706},"size":5.192297458648682,"orthographic":false}