{"cameraMode":{"drawMode":0,"name":"Shaded","section":"Shading Mode"},"sceneLighting":false,"audioPlay":false,"sceneViewState":{"showFog":true,"showMaterialUpdate":false,"showSkybox":false,"showFlares":true,"showImageEffects":true,"showParticleSystems":true},"in2DMode":false,"pivot":{"x":-4.866245269775391,"y":-0.21818852424621583,"z":-4.2535881996154789},"rotation":{"x":-0.03016585111618042,"y":0.9420245885848999,"z":-0.08815603703260422,"w":-0.3223503828048706},"size":9.620794296264649,"orthographic":false}