{"cameraMode":{"drawMode":0,"name":"Shaded","section":"Shading Mode"},"sceneLighting":false,"audioPlay":false,"sceneViewState":{"showFog":true,"showMaterialUpdate":false,"showSkybox":false,"showFlares":true,"showImageEffects":true,"showParticleSystems":true},"in2DMode":false,"pivot":{"x":-7.337036609649658,"y":-0.3937346935272217,"z":-0.2642512321472168},"rotation":{"x":-0.03016585111618042,"y":0.9420245885848999,"z":-0.08815603703260422,"w":-0.3223503828048706},"size":11.237629890441895,"orthographic":false}