{"cameraMode":{"drawMode":0,"name":"Shaded","section":"Shading Mode"},"sceneLighting":false,"audioPlay":false,"sceneViewState":{"showFog":true,"showMaterialUpdate":false,"showSkybox":false,"showFlares":true,"showImageEffects":true,"showParticleSystems":true},"in2DMode":false,"pivot":{"x":-5.567422389984131,"y":-2.0775129795074465,"z":-1.605813980102539},"rotation":{"x":-0.03016585111618042,"y":0.9420245885848999,"z":-0.08815603703260422,"w":-0.3223503828048706},"size":6.627885818481445,"orthographic":false}